origin,dest,count
42,509,6
45,2236,6
68,476,10
70,487,22
70,2177,6
77,490,17
441,638,12
445,2713,7
446,640,22
446,2702,6
447,641,13
448,444,6
448,469,6
448,642,61
448,2236,8
449,643,36
476,68,10
487,70,22
487,2177,6
490,77,17
509,42,6
517,667,17
564,791,10
564,3057,10
564,3392,10
575,625,14
575,3161,14
614,3137,17
625,575,14
625,3161,14
638,441,12
640,446,22
640,2702,6
641,447,13
642,444,6
642,448,61
642,469,6
642,2236,8
643,449,36
648,650,11
650,648,9
651,45,6
652,2705,7
667,517,17
714,715,9
714,2196,7
714,2905,9
714,2907,29
714,2908,9
714,3173,29
714,3174,9
715,714,10
715,1977,6
715,2236,6
715,2238,7
715,2286,6
715,2905,22
715,2907,10
715,2908,200
715,2910,12
715,3173,10
715,3174,200
715,3421,6
791,564,10
791,3057,10
791,3392,10
906,1132,6
908,1134,6
944,963,128
944,1051,128
944,1106,128
963,944,128
963,1051,128
963,1106,128
967,1110,13
983,2164,6
1051,944,128
1051,963,128
1051,1106,128
1093,1226,6
1093,1372,6
1095,1843,15
1106,944,128
1106,963,128
1106,1051,128
1110,967,13
1132,906,6
1134,908,6
1226,1093,6
1226,1372,6
1356,1430,7
1372,1093,6
1372,1226,6
1374,1453,7
1396,1984,6
1430,1356,7
1453,1374,7
1574,2817,8
1621,2515,13
1625,2518,75
1625,2823,11
1625,2859,11
1631,1621,9
1631,2238,8
1631,2515,9
1631,2519,268
1631,2905,6
1634,1647,7
1634,1653,8
1635,1634,9
1635,1646,25
1635,1647,14
1635,1648,12
1635,1653,17
1635,1658,6
1635,2523,6
1635,2905,9
1646,1635,31
1646,1680,9
1647,1635,15
1647,1648,11
1647,1652,6
1647,1653,18
1648,1575,7
1648,1635,8
1648,1647,11
1648,1653,7
1648,1984,19
1648,2905,6
1651,1692,11
1652,1647,6
1652,1653,6
1653,1634,9
1653,1635,19
1653,1647,15
1658,1654,6
1658,2185,7
1658,2381,13
1658,2387,7
1658,2523,178
1659,2524,13
1680,1646,8
1692,1651,11
1692,2236,6
1703,1865,6
1712,1877,22
1727,1890,17
1813,3194,7
1813,3241,7
1813,3343,29
1843,1095,15
1865,1703,6
1877,1712,22
1890,1727,17
1900,2395,7
1900,2823,14
1900,2859,14
1920,1928,7
1920,2179,6
1921,2163,8
1921,2196,17
1921,2235,6
1921,2251,6
1921,2254,8
1922,2236,7
1922,2905,8
1923,2010,6
1923,2729,6
1923,2905,6
1924,1927,8
1924,2188,7
1924,2236,8
1925,2235,13
1925,2236,9
1925,2905,6
1926,2236,8
1927,2192,8
1927,2235,7
1929,2010,6
1929,2193,8
1929,2235,8
1929,2236,7
1929,2238,6
1929,2272,6
1929,2729,6
1929,2905,13
1929,2910,7
1948,1646,6
1948,2187,9
1956,1967,6
1956,1983,6
1956,2010,22
1956,2190,6
1956,2239,9
1956,2729,22
1956,2821,9
1956,2857,9
1956,2905,12
1956,2910,9
1956,3214,7
1956,3363,7
1957,2377,7
1958,2015,6
1958,2733,6
1958,2789,6
1958,2905,7
1958,3237,6
1959,2010,6
1959,2011,9
1959,2190,13
1959,2235,9
1959,2245,6
1959,2729,6
1959,2730,9
1960,1956,6
1960,1963,7
1960,2008,6
1960,2181,6
1960,2185,7
1960,2235,9
1960,2727,6
1960,3194,19
1960,3241,19
1962,1959,6
1962,2188,7
1962,2238,7
1963,1960,9
1963,2905,10
1963,2910,7
1964,1965,8
1964,1967,8
1964,1980,8
1964,1983,7
1964,2192,7
1965,1966,11
1965,1977,9
1965,1983,7
1965,1984,11
1965,1991,9
1965,2010,6
1965,2188,9
1965,2236,8
1965,2238,8
1965,2691,9
1965,2729,6
1965,2905,6
1966,1962,8
1966,1965,13
1966,1967,15
1966,1976,7
1966,1977,42
1966,1983,13
1966,2010,24
1966,2175,8
1966,2176,6
1966,2184,8
1966,2185,9
1966,2187,9
1966,2188,7
1966,2191,9
1966,2192,6
1966,2193,6
1966,2233,6
1966,2235,19
1966,2236,14
1966,2238,12
1966,2242,6
1966,2259,6
1966,2260,6
1966,2288,8
1966,2338,7
1966,2729,24
1966,2905,10
1966,2910,11
1967,1966,20
1967,1972,13
1967,1977,15
1967,1983,13
1967,1984,8
1967,2010,21
1967,2184,6
1967,2188,7
1967,2189,6
1967,2233,6
1967,2235,12
1967,2236,16
1967,2238,11
1967,2260,8
1967,2288,6
1967,2729,21
1967,2821,6
1967,2823,9
1967,2827,7
1967,2857,6
1967,2859,9
1967,2905,16
1967,2910,9
1968,1977,6
1968,2905,7
1969,2238,6
1969,2905,6
1971,2165,6
1971,2188,6
1971,3252,17
1972,1964,6
1972,1967,13
1972,1975,7
1972,1977,25
1972,1984,10
1972,2010,7
1972,2175,6
1972,2193,6
1972,2198,6
1972,2209,7
1972,2235,16
1972,2236,11
1972,2238,9
1972,2729,7
1972,2905,10
1974,1988,11
1974,2188,6
1974,2194,6
1974,2235,11
1974,2236,9
1974,2687,11
1974,2905,6
1975,1972,8
1975,1974,7
1975,1977,8
1975,1980,7
1975,1983,7
1975,2010,6
1975,2182,7
1975,2184,10
1975,2186,7
1975,2191,6
1975,2192,13
1975,2193,15
1975,2194,6
1975,2209,8
1975,2233,6
1975,2235,8
1975,2236,8
1975,2237,8
1975,2239,7
1975,2241,7
1975,2242,8
1975,2260,6
1975,2729,6
1975,2905,11
1975,2910,11
1976,1977,22
1976,2163,7
1976,2175,7
1976,2186,6
1976,2190,6
1976,2210,9
1976,2212,6
1976,2214,9
1976,2235,6
1976,2242,7
1977,1956,6
1977,1960,7
1977,1966,42
1977,1967,20
1977,1968,6
1977,1972,28
1977,1975,11
1977,1976,21
1977,1978,6
1977,1983,14
1977,2010,22
1977,2011,10
1977,2158,10
1977,2160,6
1977,2175,13
1977,2178,8
1977,2181,6
1977,2184,12
1977,2185,8
1977,2186,6
1977,2187,16
1977,2188,21
1977,2190,10
1977,2191,8
1977,2192,8
1977,2193,12
1977,2196,9
1977,2198,8
1977,2209,7
1977,2210,7
1977,2212,6
1977,2214,8
1977,2228,8
1977,2233,16
1977,2235,20
1977,2236,23
1977,2237,12
1977,2238,18
1977,2239,10
1977,2240,6
1977,2242,6
1977,2255,10
1977,2319,9
1977,2338,13
1977,2702,10
1977,2729,22
1977,2730,10
1977,2821,7
1977,2857,7
1977,2905,17
1977,2910,9
1978,1972,6
1978,1983,9
1978,1984,6
1978,2010,10
1978,2175,8
1978,2729,10
1979,2179,6
1979,2237,7
1980,1964,6
1980,1966,6
1980,1977,7
1980,1982,7
1980,1983,66
1980,2010,6
1980,2158,11
1980,2163,9
1980,2164,6
1980,2175,11
1980,2178,14
1980,2184,7
1980,2186,6
1980,2187,7
1980,2188,16
1980,2190,8
1980,2192,6
1980,2193,9
1980,2209,6
1980,2212,7
1980,2233,10
1980,2235,34
1980,2236,25
1980,2237,6
1980,2238,13
1980,2239,8
1980,2240,7
1980,2242,12
1980,2260,6
1980,2331,6
1980,2729,6
1980,2905,27
1980,2910,16
1981,1984,8
1981,2010,6
1981,2189,7
1981,2236,6
1981,2729,6
1982,1980,10
1982,1981,6
1982,1983,11
1982,1984,6
1982,2010,7
1982,2175,12
1982,2187,6
1982,2193,7
1982,2238,7
1982,2729,7
1983,1960,9
1983,1964,6
1983,1965,8
1983,1966,13
1983,1967,7
1983,1975,6
1983,1977,20
1983,1980,59
1983,1982,10
1983,1984,6
1983,1985,7
1983,1990,7
1983,2005,10
1983,2008,7
1983,2009,22
1983,2010,45
1983,2011,11
1983,2156,9
1983,2158,27
1983,2159,7
1983,2160,13
1983,2161,6
1983,2163,10
1983,2166,6
1983,2172,6
1983,2175,27
1983,2176,12
1983,2178,13
1983,2181,8
1983,2182,6
1983,2183,6
1983,2184,22
1983,2185,12
1983,2186,7
1983,2187,14
1983,2188,41
1983,2189,6
1983,2190,8
1983,2191,12
1983,2192,18
1983,2193,10
1983,2196,8
1983,2202,7
1983,2209,17
1983,2212,20
1983,2225,6
1983,2228,15
1983,2229,9
1983,2231,9
1983,2233,23
1983,2234,6
1983,2235,58
1983,2236,55
1983,2237,27
1983,2238,37
1983,2239,26
1983,2240,11
1983,2241,9
1983,2242,15
1983,2243,6
1983,2244,6
1983,2245,6
1983,2250,6
1983,2251,13
1983,2252,6
1983,2255,7
1983,2258,8
1983,2260,18
1983,2261,9
1983,2263,7
1983,2273,7
1983,2283,8
1983,2296,14
1983,2297,6
1983,2300,6
1983,2367,7
1983,2690,7
1983,2700,10
1983,2702,18
1983,2706,6
1983,2727,7
1983,2728,22
1983,2729,45
1983,2730,11
1983,2821,13
1983,2857,13
1983,2905,54
1983,2910,60
1983,2916,8
1983,2917,8
1984,1396,6
1984,1648,19
1984,1965,10
1984,1966,8
1984,1967,11
1984,1972,9
1984,1977,7
1984,1981,8
1984,1983,10
1984,1985,8
1984,2010,10
1984,2189,7
1984,2190,7
1984,2192,18
1984,2196,6
1984,2235,19
1984,2236,6
1984,2702,8
1984,2729,10
1984,2905,8
1985,1983,10
1985,1984,9
1985,2010,11
1985,2021,9
1985,2187,6
1985,2729,11
1986,983,6
1986,1975,8
1986,2235,7
1986,2686,71
1986,2702,8
1987,1983,6
1987,1986,10
1987,2686,10
1988,1974,6
1988,2010,7
1988,2687,28
1988,2729,7
1989,2688,29
1989,2735,6
1989,2769,6
1990,1991,7
1990,2233,15
1990,2690,163
1990,2691,7
1991,1965,9
1991,2235,6
1991,2691,124
1995,2178,24
1997,2005,15
1997,2692,37
1997,2699,7
1997,2700,15
1999,3645,7
1999,3832,7
2003,2696,9
2004,2697,6
2005,1956,7
2005,1983,9
2005,1997,15
2005,2010,10
2005,2158,10
2005,2159,7
2005,2160,8
2005,2175,12
2005,2176,9
2005,2184,9
2005,2188,10
2005,2192,9
2005,2233,10
2005,2235,24
2005,2236,19
2005,2237,10
2005,2238,18
2005,2239,10
2005,2242,11
2005,2692,15
2005,2699,60
2005,2700,688
2005,2702,8
2005,2703,7
2005,2729,10
2005,2905,25
2005,2910,26
2006,2701,23
2007,2708,34
2008,1977,7
2008,1983,6
2008,2009,10
2008,2010,7
2008,2236,7
2008,2727,76
2008,2728,10
2008,2729,7
2009,1983,24
2009,2008,12
2009,2010,17
2009,2178,10
2009,2186,7
2009,2235,6
2009,2727,12
2009,2728,287
2009,2729,17
2010,1923,6
2010,1955,6
2010,1956,12
2010,1959,9
2010,1962,9
2010,1965,9
2010,1966,21
2010,1967,17
2010,1972,11
2010,1974,7
2010,1976,6
2010,1977,23
2010,1980,6
2010,1983,35
2010,1984,13
2010,1985,11
2010,2005,14
2010,2008,6
2010,2009,18
2010,2011,33
2010,2156,23
2010,2157,8
2010,2158,36
2010,2159,15
2010,2161,7
2010,2163,16
2010,2171,9
2010,2172,9
2010,2175,21
2010,2176,13
2010,2177,7
2010,2178,10
2010,2181,24
2010,2182,6
2010,2184,31
2010,2185,9
2010,2186,8
2010,2187,24
2010,2188,36
2010,2189,11
2010,2190,13
2010,2192,17
2010,2193,20
2010,2196,6
2010,2202,21
2010,2209,15
2010,2210,8
2010,2212,42
2010,2214,6
2010,2221,10
2010,2224,7
2010,2228,8
2010,2229,11
2010,2232,8
2010,2233,22
2010,2234,7
2010,2235,83
2010,2236,57
2010,2237,27
2010,2238,60
2010,2239,37
2010,2240,18
2010,2241,10
2010,2242,26
2010,2243,11
2010,2244,10
2010,2245,8
2010,2247,7
2010,2250,14
2010,2255,10
2010,2260,20
2010,2263,15
2010,2273,6
2010,2286,10
2010,2288,7
2010,2296,11
2010,2298,6
2010,2300,6
2010,2319,12
2010,2338,7
2010,2699,8
2010,2700,14
2010,2702,8
2010,2727,6
2010,2728,18
2010,2729,1687
2010,2730,33
2010,2821,13
2010,2823,9
2010,2857,13
2010,2859,9
2010,2905,50
2010,2910,65
2010,3214,10
2010,3363,10
2010,3421,10
2011,1625,7
2011,1959,7
2011,1975,6
2011,1977,7
2011,1983,10
2011,2010,27
2011,2013,7
2011,2158,8
2011,2163,22
2011,2184,6
2011,2190,6
2011,2192,6
2011,2193,10
2011,2232,6
2011,2235,16
2011,2236,11
2011,2237,6
2011,2238,7
2011,2242,6
2011,2254,7
2011,2518,7
2011,2729,27
2011,2730,213
2011,2731,7
2011,2905,6
2011,2910,9
2013,2008,6
2013,2727,6
2013,2731,43
2014,2732,46
2015,2733,52
2016,2010,6
2016,2236,6
2016,2238,7
2016,2239,6
2016,2729,6
2016,2734,83
2016,2768,83
2016,3647,6
2017,2798,27
2021,1985,6
2021,2910,6
2062,2914,46
2062,2993,47
2062,3176,46
2063,2994,33
2147,2188,7
2147,2242,6
2147,2905,6
2152,2238,7
2155,2235,6
2156,1977,8
2156,1980,7
2156,1983,10
2156,2010,17
2156,2157,11
2156,2158,16
2156,2159,6
2156,2175,6
2156,2185,7
2156,2188,12
2156,2190,10
2156,2202,6
2156,2212,15
2156,2233,15
2156,2235,27
2156,2236,21
2156,2237,9
2156,2238,44
2156,2239,14
2156,2241,7
2156,2242,8
2156,2296,6
2156,2729,17
2156,2905,12
2156,2910,21
2157,1983,6
2157,2010,8
2157,2156,12
2157,2158,38
2157,2175,6
2157,2188,13
2157,2202,6
2157,2209,6
2157,2212,15
2157,2233,7
2157,2235,19
2157,2236,12
2157,2237,16
2157,2238,30
2157,2239,10
2157,2242,12
2157,2296,8
2157,2297,7
2157,2729,8
2157,2905,15
2157,2910,12
2158,1959,6
2158,1977,10
2158,1980,8
2158,1983,21
2158,2005,9
2158,2010,45
2158,2011,6
2158,2147,10
2158,2156,20
2158,2157,40
2158,2159,23
2158,2160,11
2158,2161,7
2158,2162,10
2158,2163,12
2158,2171,8
2158,2175,18
2158,2176,6
2158,2178,13
2158,2183,7
2158,2184,25
2158,2185,9
2158,2186,9
2158,2187,10
2158,2188,44
2158,2189,13
2158,2190,11
2158,2191,8
2158,2192,12
2158,2193,8
2158,2196,6
2158,2202,18
2158,2209,22
2158,2212,31
2158,2225,6
2158,2228,11
2158,2229,7
2158,2233,23
2158,2234,7
2158,2235,66
2158,2236,49
2158,2237,40
2158,2238,105
2158,2239,67
2158,2240,12
2158,2241,14
2158,2242,42
2158,2244,15
2158,2250,11
2158,2251,9
2158,2253,6
2158,2255,15
2158,2260,19
2158,2261,6
2158,2296,13
2158,2298,7
2158,2299,8
2158,2300,8
2158,2700,9
2158,2716,8
2158,2729,45
2158,2730,6
2158,2821,6
2158,2857,6
2158,2905,39
2158,2910,36
2158,2917,7
2159,1983,9
2159,2005,8
2159,2010,8
2159,2156,10
2159,2158,27
2159,2160,10
2159,2161,6
2159,2162,9
2159,2163,7
2159,2175,13
2159,2183,6
2159,2184,20
2159,2185,10
2159,2188,15
2159,2189,7
2159,2190,8
2159,2192,8
2159,2207,6
2159,2209,10
2159,2212,12
2159,2228,6
2159,2233,7
2159,2235,13
2159,2236,25
2159,2237,27
2159,2238,50
2159,2239,13
2159,2240,11
2159,2241,8
2159,2242,13
2159,2244,7
2159,2700,8
2159,2729,8
2159,2905,12
2159,2910,14
2160,1983,8
2160,2005,9
2160,2010,12
2160,2158,14
2160,2159,6
2160,2161,12
2160,2184,7
2160,2188,6
2160,2209,18
2160,2210,6
2160,2212,7
2160,2235,16
2160,2236,22
2160,2237,21
2160,2238,21
2160,2239,14
2160,2241,7
2160,2242,13
2160,2304,10
2160,2700,9
2160,2729,12
2160,2905,9
2160,2910,20
2161,1983,7
2161,2158,10
2161,2159,9
2161,2160,13
2161,2162,9
2161,2164,6
2161,2166,15
2161,2176,7
2161,2184,7
2161,2185,6
2161,2187,7
2161,2188,7
2161,2190,8
2161,2193,6
2161,2209,6
2161,2212,10
2161,2235,9
2161,2236,14
2161,2237,16
2161,2238,15
2161,2239,10
2161,2242,7
2161,2255,8
2161,2260,7
2161,2297,6
2162,2158,9
2162,2163,6
2162,2175,10
2162,2184,8
2162,2185,8
2162,2188,10
2162,2193,6
2162,2212,7
2162,2235,8
2162,2236,13
2162,2237,10
2162,2238,16
2162,2241,7
2162,2242,6
2162,2255,6
2162,2905,10
2163,1976,8
2163,1983,11
2163,2010,15
2163,2011,16
2163,2158,15
2163,2160,7
2163,2162,9
2163,2164,16
2163,2165,6
2163,2166,7
2163,2175,14
2163,2176,8
2163,2183,16
2163,2184,31
2163,2186,15
2163,2187,7
2163,2188,19
2163,2189,6
2163,2190,10
2163,2192,8
2163,2193,18
2163,2228,6
2163,2233,20
2163,2235,193
2163,2236,30
2163,2237,22
2163,2238,34
2163,2239,16
2163,2240,6
2163,2242,9
2163,2260,10
2163,2338,6
2163,2729,15
2163,2730,16
2163,2905,15
2163,2910,7
2164,2010,7
2164,2016,7
2164,2161,6
2164,2163,18
2164,2166,9
2164,2183,6
2164,2184,7
2164,2186,6
2164,2188,15
2164,2229,6
2164,2235,10
2164,2236,6
2164,2237,7
2164,2729,7
2164,2734,7
2164,2768,7
2165,2163,6
2165,2236,9
2165,2905,8
2165,3193,10
2165,3240,10
2166,2010,7
2166,2161,10
2166,2163,8
2166,2165,8
2166,2184,10
2166,2192,8
2166,2237,10
2166,2729,7
2167,1983,7
2167,2212,6
2169,2238,6
2171,1983,10
2171,2010,8
2171,2158,8
2171,2159,7
2171,2176,6
2171,2188,8
2171,2202,11
2171,2212,6
2171,2235,9
2171,2236,18
2171,2237,9
2171,2238,24
2171,2239,15
2171,2242,7
2171,2729,8
2171,2905,7
2171,2910,11
2172,1983,6
2172,2010,8
2172,2187,8
2172,2188,8
2172,2233,6
2172,2236,7
2172,2237,6
2172,2238,7
2172,2729,8
2172,2905,6
2174,2171,6
2174,2235,9
2174,2238,7
2174,2905,6
2175,1966,8
2175,1977,7
2175,1980,18
2175,1982,9
2175,1983,24
2175,2005,11
2175,2010,19
2175,2011,6
2175,2156,7
2175,2158,20
2175,2159,7
2175,2161,7
2175,2164,12
2175,2165,6
2175,2171,12
2175,2176,26
2175,2177,6
2175,2178,38
2175,2183,10
2175,2184,23
2175,2185,11
2175,2187,16
2175,2188,24
2175,2189,11
2175,2190,9
2175,2191,7
2175,2192,12
2175,2193,8
2175,2196,6
2175,2202,10
2175,2209,8
2175,2212,17
2175,2229,9
2175,2233,12
2175,2234,6
2175,2235,50
2175,2236,31
2175,2237,11
2175,2238,34
2175,2239,15
2175,2242,26
2175,2250,8
2175,2255,8
2175,2260,10
2175,2283,8
2175,2338,9
2175,2700,11
2175,2702,6
2175,2729,19
2175,2730,6
2175,2823,6
2175,2859,6
2175,2905,27
2175,2910,32
2176,1977,9
2176,1983,13
2176,2005,6
2176,2010,20
2176,2156,6
2176,2157,7
2176,2158,7
2176,2159,7
2176,2175,22
2176,2178,9
2176,2187,7
2176,2188,18
2176,2190,6
2176,2191,10
2176,2192,7
2176,2209,8
2176,2228,6
2176,2233,6
2176,2235,22
2176,2236,22
2176,2237,10
2176,2238,11
2176,2239,9
2176,2241,6
2176,2242,6
2176,2255,7
2176,2328,7
2176,2700,6
2176,2702,6
2176,2729,20
2176,2905,9
2176,2910,15
2177,1980,7
2177,2010,8
2177,2175,8
2177,2176,8
2177,2184,6
2177,2185,8
2177,2188,7
2177,2192,6
2177,2235,6
2177,2236,12
2177,2238,8
2177,2245,6
2177,2729,8
2177,2905,7
2178,1966,8
2178,1980,12
2178,1983,15
2178,1995,22
2178,2009,14
2178,2010,12
2178,2158,9
2178,2163,9
2178,2175,33
2178,2184,9
2178,2185,6
2178,2212,10
2178,2233,6
2178,2235,11
2178,2236,16
2178,2237,13
2178,2238,15
2178,2239,9
2178,2260,9
2178,2706,6
2178,2728,14
2178,2729,12
2178,2821,6
2178,2857,6
2178,2905,13
2178,2910,11
2179,2180,7
2179,2184,7
2180,1972,6
2180,1980,6
2180,2182,8
2180,2188,11
2180,2193,6
2180,2238,7
2180,2905,8
2181,1966,6
2181,1983,6
2181,2010,23
2181,2158,6
2181,2182,10
2181,2184,8
2181,2186,11
2181,2187,10
2181,2188,9
2181,2190,8
2181,2193,6
2181,2235,12
2181,2236,11
2181,2237,10
2181,2238,9
2181,2242,9
2181,2729,23
2181,2905,7
2181,2910,8
2182,1975,8
2182,1983,6
2182,2181,11
2182,2183,7
2182,2184,6
2182,2185,6
2182,2186,6
2182,2229,7
2182,2235,8
2182,2239,7
2183,1983,7
2183,2010,9
2183,2158,11
2183,2163,14
2183,2175,7
2183,2182,8
2183,2184,20
2183,2185,8
2183,2186,14
2183,2188,10
2183,2192,10
2183,2209,8
2183,2212,7
2183,2233,7
2183,2235,30
2183,2236,26
2183,2237,10
2183,2238,13
2183,2239,8
2183,2240,7
2183,2242,9
2183,2729,9
2183,2905,9
2183,2910,9
2184,1966,9
2184,1967,10
2184,1977,17
2184,1980,7
2184,1983,20
2184,2005,9
2184,2010,27
2184,2011,6
2184,2158,31
2184,2159,17
2184,2160,11
2184,2161,10
2184,2162,13
2184,2163,32
2184,2164,7
2184,2175,17
2184,2176,14
2184,2177,6
2184,2178,9
2184,2180,6
2184,2181,8
2184,2183,15
2184,2185,24
2184,2186,11
2184,2187,19
2184,2188,36
2184,2189,7
2184,2190,9
2184,2191,10
2184,2192,33
2184,2193,9
2184,2196,10
2184,2207,9
2184,2209,26
2184,2210,7
2184,2212,14
2184,2218,6
2184,2224,7
2184,2228,10
2184,2229,7
2184,2232,6
2184,2233,14
2184,2234,8
2184,2235,38
2184,2236,57
2184,2237,32
2184,2238,41
2184,2239,25
2184,2240,11
2184,2241,12
2184,2242,15
2184,2251,11
2184,2254,9
2184,2255,17
2184,2260,12
2184,2261,6
2184,2273,11
2184,2292,7
2184,2296,9
2184,2297,6
2184,2319,6
2184,2338,6
2184,2700,9
2184,2702,7
2184,2729,27
2184,2730,6
2184,2823,7
2184,2859,7
2184,2905,32
2184,2910,30
2185,1960,8
2185,1966,9
2185,1967,8
2185,1975,8
2185,1977,7
2185,1983,10
2185,1986,6
2185,2156,10
2185,2157,6
2185,2158,16
2185,2159,6
2185,2160,8
2185,2163,9
2185,2166,6
2185,2175,13
2185,2178,8
2185,2181,7
2185,2183,12
2185,2184,21
2185,2186,13
2185,2187,17
2185,2188,35
2185,2189,7
2185,2190,17
2185,2191,8
2185,2192,14
2185,2193,11
2185,2196,6
2185,2209,7
2185,2212,17
2185,2228,8
2185,2229,6
2185,2233,21
2185,2235,32
2185,2236,53
2185,2237,23
2185,2238,24
2185,2239,14
2185,2240,6
2185,2241,10
2185,2242,23
2185,2250,8
2185,2255,10
2185,2260,10
2185,2283,7
2185,2292,7
2185,2296,6
2185,2338,8
2185,2686,6
2185,2823,8
2185,2859,8
2185,2905,23
2185,2910,31
2186,1975,8
2186,1977,8
2186,2156,6
2186,2158,10
2186,2159,6
2186,2175,7
2186,2178,6
2186,2181,10
2186,2183,11
2186,2184,14
2186,2185,15
2186,2187,17
2186,2188,11
2186,2189,6
2186,2190,12
2186,2191,7
2186,2192,12
2186,2193,8
2186,2209,8
2186,2233,15
2186,2234,9
2186,2235,29
2186,2236,28
2186,2237,9
2186,2238,17
2186,2239,7
2186,2240,7
2186,2242,10
2186,2243,7
2186,2286,6
2186,2905,15
2186,2910,12
2186,3421,6
2187,1920,6
2187,1948,9
2187,1966,8
2187,1977,8
2187,1983,22
2187,2010,15
2187,2011,6
2187,2158,12
2187,2159,8
2187,2163,9
2187,2175,7
2187,2176,6
2187,2178,6
2187,2181,12
2187,2183,7
2187,2184,19
2187,2185,29
2187,2186,14
2187,2188,66
2187,2189,7
2187,2190,29
2187,2191,12
2187,2192,36
2187,2193,9
2187,2194,7
2187,2196,14
2187,2209,15
2187,2210,13
2187,2212,12
2187,2223,6
2187,2229,6
2187,2232,10
2187,2233,17
2187,2235,34
2187,2236,23
2187,2237,15
2187,2238,22
2187,2239,21
2187,2240,7
2187,2241,10
2187,2242,20
2187,2243,6
2187,2250,8
2187,2254,6
2187,2255,7
2187,2260,11
2187,2261,6
2187,2262,6
2187,2296,6
2187,2328,10
2187,2729,15
2187,2730,6
2187,2827,6
2187,2905,27
2187,2910,20
2188,1935,6
2188,1948,6
2188,1965,11
2188,1971,7
2188,1972,7
2188,1975,12
2188,1977,24
2188,1980,13
2188,1983,36
2188,2005,8
2188,2010,33
2188,2011,6
2188,2156,17
2188,2157,11
2188,2158,35
2188,2159,19
2188,2161,6
2188,2163,18
2188,2164,10
2188,2165,9
2188,2167,9
2188,2171,7
2188,2174,8
2188,2175,21
2188,2176,16
2188,2177,6
2188,2178,8
2188,2180,9
2188,2181,12
2188,2183,14
2188,2184,37
2188,2185,34
2188,2186,22
2188,2187,53
2188,2189,28
2188,2190,35
2188,2191,12
2188,2192,35
2188,2193,28
2188,2196,15
2188,2198,7
2188,2202,11
2188,2209,22
2188,2212,38
2188,2221,10
2188,2228,9
2188,2229,14
2188,2231,6
2188,2232,9
2188,2233,82
2188,2234,9
2188,2235,97
2188,2236,90
2188,2237,39
2188,2238,86
2188,2239,50
2188,2240,16
2188,2241,16
2188,2242,27
2188,2243,10
2188,2244,7
2188,2247,8
2188,2249,6
2188,2250,13
2188,2251,6
2188,2255,13
2188,2260,9
2188,2261,6
2188,2283,6
2188,2286,7
2188,2288,8
2188,2296,7
2188,2300,15
2188,2319,8
2188,2328,18
2188,2333,6
2188,2338,8
2188,2699,7
2188,2700,8
2188,2729,33
2188,2730,6
2188,2821,10
2188,2857,10
2188,2905,58
2188,2910,52
2188,2916,6
2188,2917,6
2188,2918,7
2188,3421,7
2189,1981,6
2189,2010,11
2189,2158,7
2189,2159,6
2189,2161,9
2189,2184,6
2189,2185,11
2189,2187,8
2189,2188,31
2189,2190,17
2189,2192,8
2189,2193,7
2189,2196,11
2189,2209,16
2189,2212,8
2189,2228,6
2189,2232,6
2189,2233,18
2189,2235,22
2189,2236,27
2189,2237,14
2189,2238,11
2189,2239,14
2189,2240,10
2189,2242,9
2189,2729,11
2189,2905,18
2189,2910,9
2190,1956,7
2190,1959,9
2190,1966,7
2190,1967,6
2190,1977,8
2190,1980,6
2190,1983,14
2190,2010,20
2190,2011,7
2190,2158,10
2190,2159,9
2190,2160,12
2190,2163,17
2190,2166,7
2190,2175,9
2190,2176,7
2190,2178,11
2190,2184,22
2190,2185,12
2190,2186,6
2190,2187,22
2190,2188,43
2190,2189,16
2190,2191,16
2190,2192,30
2190,2193,17
2190,2194,8
2190,2196,24
2190,2202,7
2190,2207,6
2190,2209,36
2190,2210,10
2190,2212,10
2190,2224,7
2190,2228,9
2190,2232,8
2190,2233,14
2190,2235,31
2190,2236,27
2190,2237,21
2190,2238,12
2190,2239,20
2190,2240,9
2190,2242,18
2190,2244,7
2190,2247,7
2190,2250,6
2190,2260,8
2190,2273,12
2190,2286,9
2190,2296,7
2190,2729,20
2190,2730,7
2190,2747,6
2190,2804,6
2190,2823,6
2190,2859,6
2190,2905,23
2190,2910,20
2190,3421,9
2191,1581,7
2191,1966,10
2191,1967,7
2191,1972,6
2191,1977,8
2191,1983,16
2191,2010,10
2191,2158,13
2191,2175,10
2191,2178,6
2191,2187,14
2191,2188,12
2191,2189,6
2191,2190,16
2191,2192,24
2191,2193,7
2191,2194,8
2191,2195,8
2191,2196,14
2191,2209,11
2191,2212,8
2191,2233,8
2191,2235,14
2191,2236,22
2191,2237,6
2191,2239,11
2191,2242,10
2191,2251,6
2191,2260,6
2191,2729,10
2191,2905,15
2191,2910,9
2192,1927,6
2192,1964,6
2192,1966,13
2192,1971,7
2192,1975,8
2192,1977,9
2192,1980,8
2192,1983,23
2192,1984,19
2192,1997,6
2192,2005,11
2192,2010,22
2192,2011,10
2192,2158,16
2192,2160,10
2192,2163,10
2192,2175,11
2192,2177,6
2192,2178,7
2192,2182,7
2192,2183,17
2192,2184,34
2192,2185,15
2192,2186,7
2192,2187,35
2192,2188,31
2192,2189,13
2192,2190,30
2192,2191,26
2192,2193,22
2192,2194,10
2192,2195,6
2192,2196,7
2192,2209,21
2192,2228,9
2192,2233,12
2192,2234,6
2192,2235,32
2192,2236,31
2192,2237,31
2192,2238,25
2192,2239,13
2192,2240,12
2192,2241,6
2192,2242,17
2192,2247,6
2192,2250,7
2192,2255,9
2192,2260,6
2192,2283,6
2192,2286,9
2192,2296,9
2192,2692,6
2192,2700,11
2192,2729,22
2192,2730,10
2192,2905,28
2192,2910,21
2192,2917,6
2192,3421,9
2193,1966,11
2193,1972,6
2193,1974,6
2193,1975,19
2193,1977,9
2193,1980,6
2193,1983,6
2193,2005,7
2193,2010,18
2193,2011,9
2193,2158,13
2193,2159,8
2193,2161,6
2193,2162,6
2193,2163,17
2193,2172,6
2193,2175,6
2193,2176,6
2193,2177,7
2193,2178,7
2193,2180,7
2193,2185,10
2193,2187,15
2193,2188,19
2193,2189,7
2193,2190,18
2193,2191,7
2193,2192,35
2193,2209,15
2193,2210,6
2193,2212,6
2193,2224,7
2193,2229,7
2193,2231,6
2193,2233,17
2193,2235,27
2193,2236,19
2193,2237,17
2193,2238,34
2193,2239,8
2193,2242,13
2193,2255,7
2193,2288,9
2193,2300,7
2193,2700,7
2193,2729,18
2193,2730,9
2193,2905,19
2193,2910,16
2194,2184,6
2194,2190,6
2194,2191,15
2194,2192,10
2194,2193,8
2194,2209,11
2194,2210,14
2194,2235,10
2194,2236,9
2194,2237,7
2194,2238,9
2194,2239,8
2194,2905,8
2195,1921,6
2195,2188,6
2195,2191,9
2195,2192,6
2195,2242,6
2196,714,6
2196,1921,17
2196,1983,6
2196,2158,11
2196,2184,7
2196,2187,10
2196,2188,14
2196,2189,16
2196,2190,36
2196,2191,10
2196,2192,10
2196,2198,10
2196,2209,25
2196,2210,6
2196,2212,9
2196,2233,8
2196,2235,17
2196,2236,31
2196,2237,10
2196,2238,20
2196,2239,10
2196,2242,11
2196,2251,15
2196,2253,9
2196,2254,6
2196,2905,7
2196,2907,6
2196,2910,7
2196,3173,6
2198,1977,6
2198,2196,8
2198,2209,7
2198,2235,8
2198,2236,11
2202,1983,12
2202,2010,13
2202,2156,6
2202,2158,14
2202,2171,8
2202,2175,7
2202,2188,19
2202,2212,44
2202,2233,13
2202,2235,30
2202,2236,24
2202,2237,8
2202,2238,44
2202,2239,13
2202,2242,14
2202,2250,6
2202,2296,10
2202,2729,13
2202,2905,13
2202,2910,21
2207,2184,11
2207,2190,6
2207,2209,10
2208,2209,7
2208,2210,6
2209,1972,7
2209,1975,6
2209,1983,16
2209,1984,8
2209,2010,16
2209,2158,8
2209,2159,8
2209,2160,8
2209,2162,7
2209,2163,6
2209,2172,6
2209,2184,18
2209,2185,21
2209,2186,7
2209,2187,12
2209,2188,16
2209,2189,14
2209,2190,33
2209,2191,10
2209,2192,17
2209,2193,7
2209,2194,14
2209,2195,9
2209,2196,36
2209,2207,8
2209,2208,16
2209,2210,17
2209,2212,10
2209,2224,6
2209,2225,7
2209,2233,17
2209,2234,6
2209,2235,30
2209,2236,33
2209,2237,21
2209,2238,14
2209,2239,14
2209,2240,10
2209,2241,13
2209,2242,23
2209,2245,7
2209,2246,6
2209,2251,6
2209,2255,7
2209,2260,12
2209,2288,7
2209,2296,6
2209,2319,7
2209,2729,16
2209,2905,20
2209,2910,16
2210,1976,6
2210,1977,7
2210,1983,10
2210,2010,14
2210,2158,6
2210,2187,17
2210,2188,7
2210,2189,7
2210,2190,8
2210,2194,15
2210,2196,8
2210,2207,8
2210,2209,19
2210,2212,12
2210,2235,13
2210,2236,16
2210,2237,9
2210,2240,6
2210,2729,14
2211,2185,6
2211,2209,10
2211,2212,10
2212,1580,6
2212,1980,14
2212,1983,23
2212,2010,47
2212,2156,17
2212,2157,6
2212,2158,43
2212,2159,13
2212,2160,10
2212,2161,8
2212,2162,6
2212,2167,7
2212,2171,10
2212,2175,20
2212,2176,6
2212,2178,8
2212,2183,8
2212,2184,22
2212,2185,14
2212,2186,7
2212,2187,11
2212,2188,35
2212,2190,16
2212,2192,11
2212,2193,13
2212,2196,7
2212,2202,40
2212,2209,16
2212,2210,7
2212,2211,7
2212,2214,11
2212,2224,6
2212,2225,20
2212,2227,6
2212,2228,12
2212,2229,6
2212,2230,7
2212,2232,9
2212,2233,41
2212,2235,82
2212,2236,52
2212,2237,15
2212,2238,81
2212,2239,25
2212,2240,13
2212,2241,12
2212,2242,37
2212,2244,6
2212,2247,14
2212,2250,16
2212,2255,13
2212,2260,13
2212,2261,6
2212,2262,9
2212,2273,8
2212,2278,11
2212,2288,7
2212,2296,10
2212,2297,6
2212,2338,9
2212,2371,8
2212,2713,6
2212,2729,47
2212,2905,46
2212,2910,54
2212,2917,8
2213,2175,6
2213,2212,10
2213,2224,9
2213,2236,8
2214,1976,11
2214,1977,8
2214,2188,6
2214,2212,14
2214,2213,7
2214,2235,10
2218,2224,6
2218,2235,8
2218,2273,7
2219,2188,6
2219,2212,6
2219,2221,7
2219,2235,9
2219,2236,10
2221,2010,8
2221,2188,9
2221,2209,10
2221,2219,10
2221,2222,9
2221,2236,10
2221,2242,7
2221,2260,6
2221,2369,6
2221,2379,7
2221,2729,8
2222,2221,12
2223,2010,6
2223,2235,8
2223,2729,6
2224,2158,6
2224,2184,6
2224,2193,10
2224,2213,7
2224,2218,9
2224,2236,21
2224,2237,10
2224,2238,8
2224,2239,12
2224,2242,8
2224,2367,7
2225,2188,8
2225,2212,22
2225,2235,15
2225,2236,9
2225,2238,7
2225,2239,6
2225,2910,7
2227,2212,6
2227,2228,9
2227,2235,18
2227,2236,6
2227,2237,7
2227,2238,6
2227,2905,8
2228,1980,6
2228,1983,8
2228,2010,6
2228,2158,11
2228,2159,6
2228,2163,6
2228,2175,10
2228,2177,6
2228,2185,16
2228,2188,13
2228,2212,11
2228,2227,9
2228,2229,10
2228,2233,13
2228,2235,21
2228,2236,23
2228,2237,9
2228,2238,27
2228,2239,12
2228,2242,12
2228,2244,7
2228,2255,9
2228,2260,6
2228,2729,6
2228,2905,8
2228,2910,15
2229,1967,7
2229,1983,6
2229,2010,7
2229,2158,7
2229,2175,16
2229,2182,7
2229,2184,6
2229,2185,8
2229,2188,10
2229,2193,8
2229,2209,12
2229,2212,6
2229,2228,8
2229,2235,45
2229,2236,12
2229,2237,11
2229,2238,17
2229,2239,8
2229,2240,13
2229,2241,7
2229,2242,8
2229,2251,7
2229,2729,7
2229,2910,12
2229,3537,8
2229,3544,10
2229,3561,7
2230,2212,10
2230,2235,10
2230,2237,6
2230,2238,6
2230,2242,6
2230,2905,7
2230,2910,7
2231,2010,6
2231,2190,7
2231,2212,6
2231,2233,7
2231,2235,9
2231,2236,6
2231,2242,6
2231,2729,6
2231,2910,6
2232,2158,8
2232,2175,9
2232,2187,6
2232,2189,6
2232,2190,9
2232,2211,6
2232,2212,10
2232,2233,7
2232,2235,12
2232,2236,8
2232,2238,13
2232,2242,8
2232,2905,6
2233,1966,8
2233,1977,13
2233,1980,8
2233,1983,24
2233,1990,13
2233,2005,10
2233,2010,27
2233,2156,7
2233,2157,8
2233,2158,29
2233,2159,16
2233,2163,22
2233,2171,8
2233,2175,10
2233,2176,13
2233,2184,21
2233,2185,16
2233,2186,16
2233,2187,22
2233,2188,75
2233,2189,13
2233,2190,11
2233,2191,12
2233,2192,18
2233,2193,11
2233,2196,8
2233,2202,11
2233,2209,12
2233,2212,28
2233,2228,8
2233,2229,6
2233,2234,8
2233,2235,127
2233,2236,64
2233,2237,33
2233,2238,53
2233,2239,24
2233,2240,18
2233,2241,9
2233,2242,16
2233,2243,6
2233,2245,14
2233,2250,15
2233,2251,6
2233,2255,7
2233,2260,9
2233,2283,6
2233,2286,6
2233,2288,7
2233,2296,6
2233,2374,12
2233,2690,13
2233,2700,10
2233,2729,27
2233,2745,6
2233,2905,36
2233,2910,33
2233,2917,9
2233,3421,6
2234,2010,12
2234,2184,6
2234,2185,7
2234,2186,8
2234,2188,10
2234,2192,6
2234,2212,9
2234,2229,6
2234,2233,7
2234,2235,26
2234,2236,14
2234,2238,13
2234,2239,6
2234,2242,8
2234,2288,6
2234,2729,12
2234,2905,8
2234,2910,10
2235,1921,11
2235,1925,7
2235,1929,6
2235,1956,11
2235,1960,8
2235,1966,16
2235,1967,12
2235,1972,15
2235,1974,7
2235,1975,10
2235,1977,26
2235,1980,28
2235,1982,8
2235,1983,49
2235,1984,17
2235,1985,6
2235,1986,11
2235,2005,31
2235,2008,7
2235,2009,7
2235,2010,81
2235,2011,19
2235,2156,25
2235,2157,24
2235,2158,65
2235,2159,21
2235,2160,18
2235,2161,20
2235,2162,11
2235,2163,178
2235,2164,6
2235,2167,7
2235,2168,6
2235,2171,15
2235,2172,6
2235,2175,34
2235,2176,19
2235,2177,6
2235,2178,18
2235,2181,16
2235,2183,30
2235,2184,50
2235,2185,40
2235,2186,26
2235,2187,32
2235,2188,109
2235,2189,25
2235,2190,30
2235,2191,11
2235,2192,30
2235,2193,18
2235,2194,7
2235,2195,6
2235,2196,21
2235,2198,8
2235,2202,19
2235,2209,18
2235,2210,9
2235,2212,67
2235,2214,10
2235,2221,8
2235,2223,9
2235,2224,13
2235,2225,10
2235,2227,14
2235,2228,22
2235,2229,42
2235,2230,6
2235,2231,14
2235,2232,16
2235,2233,113
2235,2234,16
2235,2236,212
2235,2237,54
2235,2238,226
2235,2239,70
2235,2240,35
2235,2241,37
2235,2242,53
2235,2243,14
2235,2244,20
2235,2245,21
2235,2246,7
2235,2247,11
2235,2250,20
2235,2251,14
2235,2254,7
2235,2255,17
2235,2256,6
2235,2258,7
2235,2259,8
2235,2260,38
2235,2261,15
2235,2262,9
2235,2263,9
2235,2273,9
2235,2283,18
2235,2286,15
2235,2288,14
2235,2296,15
2235,2297,11
2235,2299,6
2235,2300,10
2235,2319,9
2235,2338,23
2235,2373,8
2235,2391,6
2235,2395,7
2235,2497,10
2235,2686,11
2235,2699,19
2235,2700,31
2235,2702,11
2235,2706,8
2235,2727,7
2235,2728,7
2235,2729,81
2235,2730,19
2235,2747,6
2235,2787,9
2235,2804,6
2235,2821,22
2235,2823,13
2235,2857,22
2235,2859,13
2235,2905,89
2235,2910,81
2235,2911,6
2235,2917,14
2235,2918,9
2235,3193,8
2235,3240,8
2235,3421,15
2235,3535,7
2235,3538,7
2235,3571,8
2236,45,7
2236,446,6
2236,448,7
2236,640,6
2236,642,7
2236,651,6
2236,1648,6
2236,1918,7
2236,1924,6
2236,1929,7
2236,1956,6
2236,1959,6
2236,1960,13
2236,1965,8
2236,1966,16
2236,1967,9
2236,1968,6
2236,1972,12
2236,1974,6
2236,1975,13
2236,1976,9
2236,1977,34
2236,1978,6
2236,1979,7
2236,1980,25
2236,1981,7
2236,1983,58
2236,1984,6
2236,1993,6
2236,2005,20
2236,2008,6
2236,2010,50
2236,2011,14
2236,2012,7
2236,2016,7
2236,2155,7
2236,2156,23
2236,2157,21
2236,2158,55
2236,2159,26
2236,2160,24
2236,2161,21
2236,2162,16
2236,2163,28
2236,2164,14
2236,2166,6
2236,2171,15
2236,2175,37
2236,2176,19
2236,2177,9
2236,2178,15
2236,2181,9
2236,2183,26
2236,2184,49
2236,2185,39
2236,2186,25
2236,2187,31
2236,2188,100
2236,2189,24
2236,2190,17
2236,2191,19
2236,2192,34
2236,2193,20
2236,2194,21
2236,2195,7
2236,2196,29
2236,2202,33
2236,2209,27
2236,2210,14
2236,2212,60
2236,2213,10
2236,2219,9
2236,2223,6
2236,2224,8
2236,2225,13
2236,2228,22
2236,2229,21
2236,2230,6
2236,2231,10
2236,2232,14
2236,2233,63
2236,2234,16
2236,2235,206
2236,2237,92
2236,2238,153
2236,2239,55
2236,2240,19
2236,2241,20
2236,2242,32
2236,2243,11
2236,2244,10
2236,2245,9
2236,2247,7
2236,2249,7
2236,2250,23
2236,2251,15
2236,2253,7
2236,2254,12
2236,2255,19
2236,2256,6
2236,2259,11
2236,2260,44
2236,2261,6
2236,2262,8
2236,2266,8
2236,2274,6
2236,2283,16
2236,2286,11
2236,2288,19
2236,2292,9
2236,2294,6
2236,2296,15
2236,2297,8
2236,2300,15
2236,2305,9
2236,2319,29
2236,2338,28
2236,2367,8
2236,2392,7
2236,2497,8
2236,2699,10
2236,2700,20
2236,2702,19
2236,2706,8
2236,2727,6
2236,2729,50
2236,2730,14
2236,2734,7
2236,2768,7
2236,2821,16
2236,2823,8
2236,2857,16
2236,2859,8
2236,2905,75
2236,2910,69
2236,2916,9
2236,2917,19
2236,3421,11
2236,3423,9
2236,3535,9
2236,3571,10
2237,1962,6
2237,1964,6
2237,1975,10
2237,1977,13
2237,1980,8
2237,1982,10
2237,1983,33
2237,2005,6
2237,2010,15
2237,2156,10
2237,2157,14
2237,2158,35
2237,2159,19
2237,2160,19
2237,2161,14
2237,2162,13
2237,2163,11
2237,2166,9
2237,2171,9
2237,2174,6
2237,2175,8
2237,2176,8
2237,2178,6
2237,2181,7
2237,2183,13
2237,2184,41
2237,2185,24
2237,2186,19
2237,2187,26
2237,2188,41
2237,2189,14
2237,2190,24
2237,2192,24
2237,2193,19
2237,2196,12
2237,2209,23
2237,2210,8
2237,2212,25
2237,2221,6
2237,2224,7
2237,2227,8
2237,2228,9
2237,2233,17
2237,2234,7
2237,2235,57
2237,2236,103
2237,2238,56
2237,2239,46
2237,2240,28
2237,2241,19
2237,2242,39
2237,2243,10
2237,2244,8
2237,2245,6
2237,2250,12
2237,2251,7
2237,2255,14
2237,2260,20
2237,2261,8
2237,2273,6
2237,2286,7
2237,2288,8
2237,2296,13
2237,2297,6
2237,2300,6
2237,2319,8
2237,2338,7
2237,2699,6
2237,2700,6
2237,2702,10
2237,2706,6
2237,2729,15
2237,2905,27
2237,2910,24
2237,3421,7
2237,3537,7
2238,715,6
2238,1631,8
2238,1929,7
2238,1966,7
2238,1967,11
2238,1969,6
2238,1974,7
2238,1975,8
2238,1977,25
2238,1980,23
2238,1982,7
2238,1983,48
2238,2005,19
2238,2010,73
2238,2011,9
2238,2016,8
2238,2156,32
2238,2157,28
2238,2158,95
2238,2159,49
2238,2160,20
2238,2161,15
2238,2162,8
2238,2163,40
2238,2165,6
2238,2166,8
2238,2167,9
2238,2171,22
2238,2174,6
2238,2175,41
2238,2176,10
2238,2177,10
2238,2178,21
2238,2179,6
2238,2182,6
2238,2183,15
2238,2184,38
2238,2185,27
2238,2186,15
2238,2187,24
2238,2188,67
2238,2189,14
2238,2190,21
2238,2191,9
2238,2192,20
2238,2193,31
2238,2194,8
2238,2196,15
2238,2202,44
2238,2209,21
2238,2212,72
2238,2213,10
2238,2224,9
2238,2225,12
2238,2227,8
2238,2228,13
2238,2229,16
2238,2231,8
2238,2233,56
2238,2234,11
2238,2235,226
2238,2236,154
2238,2237,68
2238,2239,114
2238,2240,20
2238,2241,15
2238,2242,62
2238,2243,12
2238,2244,14
2238,2245,10
2238,2247,9
2238,2249,6
2238,2250,27
2238,2252,6
2238,2255,17
2238,2258,10
2238,2259,6
2238,2260,19
2238,2273,7
2238,2283,15
2238,2288,6
2238,2296,15
2238,2297,13
2238,2298,7
2238,2299,6
2238,2300,12
2238,2319,17
2238,2338,13
2238,2519,8
2238,2699,7
2238,2700,19
2238,2702,8
2238,2729,73
2238,2730,9
2238,2734,8
2238,2768,8
2238,2821,9
2238,2857,9
2238,2904,8
2238,2905,75
2238,2908,6
2238,2910,85
2238,2916,6
2238,3174,6
2238,3537,7
2239,1929,7
2239,1948,7
2239,1975,10
2239,1977,7
2239,1980,8
2239,1983,31
2239,2005,12
2239,2010,39
2239,2147,9
2239,2156,8
2239,2157,25
2239,2158,67
2239,2159,16
2239,2160,13
2239,2163,14
2239,2171,9
2239,2175,15
2239,2176,11
2239,2178,11
2239,2180,6
2239,2181,6
2239,2183,6
2239,2184,32
2239,2185,7
2239,2186,17
2239,2187,12
2239,2188,45
2239,2189,13
2239,2190,25
2239,2191,7
2239,2192,15
2239,2193,16
2239,2196,6
2239,2198,6
2239,2202,14
2239,2209,25
2239,2210,10
2239,2212,30
2239,2224,6
2239,2228,8
2239,2229,7
2239,2232,10
2239,2233,32
2239,2235,81
2239,2236,53
2239,2237,37
2239,2238,85
2239,2240,29
2239,2241,25
2239,2242,50
2239,2243,10
2239,2244,14
2239,2250,14
2239,2251,6
2239,2255,8
2239,2258,6
2239,2260,13
2239,2261,12
2239,2273,9
2239,2286,11
2239,2296,17
2239,2338,6
2239,2699,6
2239,2700,12
2239,2706,7
2239,2729,39
2239,2905,42
2239,2910,45
2239,3421,11
2240,1980,6
2240,1983,12
2240,2010,21
2240,2158,7
2240,2161,7
2240,2163,10
2240,2166,6
2240,2175,10
2240,2184,11
2240,2185,6
2240,2186,6
2240,2188,17
2240,2190,9
2240,2192,8
2240,2193,7
2240,2209,8
2240,2212,17
2240,2229,9
2240,2233,8
2240,2235,35
2240,2236,23
2240,2237,32
2240,2238,19
2240,2239,27
2240,2241,15
2240,2242,26
2240,2244,9
2240,2250,6
2240,2260,6
2240,2392,6
2240,2706,7
2240,2729,21
2240,2905,17
2240,2910,15
2241,1983,6
2241,2010,10
2241,2156,9
2241,2157,9
2241,2158,19
2241,2159,6
2241,2160,9
2241,2163,10
2241,2184,13
2241,2185,8
2241,2187,7
2241,2188,24
2241,2190,11
2241,2192,7
2241,2209,14
2241,2212,13
2241,2229,6
2241,2233,12
2241,2235,28
2241,2236,21
2241,2237,10
2241,2238,18
2241,2239,21
2241,2240,15
2241,2242,28
2241,2243,6
2241,2244,9
2241,2247,7
2241,2260,6
2241,2338,7
2241,2729,10
2241,2905,14
2241,2910,17
2241,2917,6
2242,1966,6
2242,1967,6
2242,1977,8
2242,1980,12
2242,1983,28
2242,2010,33
2242,2156,11
2242,2157,11
2242,2158,52
2242,2159,17
2242,2160,6
2242,2161,12
2242,2163,13
2242,2172,8
2242,2175,17
2242,2178,8
2242,2183,12
2242,2184,18
2242,2185,17
2242,2186,9
2242,2187,16
2242,2188,29
2242,2189,14
2242,2190,21
2242,2191,11
2242,2192,14
2242,2193,16
2242,2196,9
2242,2202,15
2242,2209,19
2242,2212,28
2242,2225,6
2242,2228,10
2242,2229,6
2242,2232,6
2242,2233,25
2242,2235,56
2242,2236,49
2242,2237,42
2242,2238,59
2242,2239,72
2242,2240,27
2242,2241,23
2242,2243,15
2242,2244,9
2242,2245,6
2242,2250,10
2242,2251,7
2242,2253,6
2242,2254,11
2242,2255,13
2242,2258,7
2242,2260,7
2242,2283,8
2242,2292,6
2242,2296,11
2242,2297,7
2242,2298,10
2242,2300,8
2242,2319,8
2242,2338,8
2242,2729,33
2242,2905,38
2242,2910,36
2242,3537,8
2243,1983,11
2243,2010,7
2243,2158,9
2243,2159,6
2243,2160,6
2243,2184,8
2243,2188,7
2243,2190,8
2243,2209,7
2243,2212,7
2243,2233,6
2243,2235,18
2243,2236,12
2243,2237,6
2243,2238,9
2243,2239,13
2243,2240,9
2243,2241,7
2243,2242,9
2243,2247,6
2243,2729,7
2243,2905,6
2244,2010,10
2244,2158,17
2244,2188,6
2244,2209,6
2244,2212,7
2244,2228,9
2244,2233,6
2244,2235,9
2244,2236,8
2244,2237,8
2244,2238,12
2244,2239,13
2244,2241,9
2244,2242,6
2244,2257,6
2244,2260,7
2244,2729,10
2244,2905,6
2244,2910,8
2245,2010,7
2245,2177,6
2245,2187,6
2245,2188,7
2245,2228,7
2245,2233,16
2245,2235,16
2245,2236,7
2245,2238,8
2245,2239,9
2245,2242,8
2245,2374,9
2245,2729,7
2246,2236,9
2246,2238,9
2246,2260,6
2246,2905,6
2247,2010,8
2247,2188,7
2247,2235,12
2247,2236,9
2247,2238,13
2247,2239,6
2247,2242,8
2247,2729,8
2247,2905,10
2249,2188,8
2249,2212,6
2249,2235,8
2249,2238,12
2249,2250,8
2249,2905,7
2249,2910,7
2250,1983,14
2250,2010,23
2250,2158,11
2250,2175,6
2250,2187,7
2250,2188,26
2250,2192,15
2250,2193,6
2250,2209,9
2250,2212,13
2250,2233,9
2250,2235,19
2250,2236,15
2250,2237,12
2250,2238,28
2250,2239,15
2250,2242,8
2250,2247,7
2250,2249,6
2250,2729,23
2250,2905,15
2250,2910,29
2251,1983,11
2251,2158,11
2251,2163,6
2251,2184,8
2251,2185,9
2251,2188,8
2251,2190,6
2251,2196,11
2251,2209,10
2251,2212,6
2251,2235,7
2251,2236,13
2251,2237,9
2251,2239,6
2251,2242,15
2251,2253,6
2251,2254,10
2251,2255,8
2251,2260,7
2251,2288,9
2251,2905,8
2251,2910,7
2252,2236,7
2252,2238,6
2252,2905,6
2253,2191,10
2253,2196,10
2253,2251,7
2254,1921,10
2254,2011,9
2254,2188,6
2254,2190,6
2254,2236,6
2254,2238,12
2254,2242,6
2254,2251,9
2254,2260,6
2254,2730,9
2254,2905,10
2254,2910,7
2255,1975,6
2255,1977,10
2255,1983,9
2255,2010,8
2255,2158,10
2255,2162,7
2255,2175,10
2255,2176,6
2255,2184,17
2255,2185,6
2255,2186,6
2255,2187,7
2255,2188,15
2255,2190,11
2255,2192,6
2255,2193,6
2255,2212,17
2255,2221,6
2255,2225,9
2255,2228,8
2255,2233,6
2255,2235,19
2255,2236,28
2255,2237,24
2255,2238,14
2255,2239,11
2255,2241,6
2255,2242,16
2255,2260,6
2255,2283,8
2255,2493,6
2255,2729,8
2255,2821,7
2255,2857,7
2255,2905,25
2255,2910,6
2258,2235,6
2258,2236,8
2258,2260,7
2258,2905,6
2259,1983,6
2259,2188,6
2259,2190,7
2259,2236,9
2259,2237,6
2259,2238,7
2259,2260,14
2259,2262,7
2259,2338,8
2259,2905,7
2259,3824,6
2260,1929,7
2260,1962,7
2260,1967,7
2260,1972,7
2260,1977,9
2260,1980,12
2260,1983,13
2260,2010,21
2260,2156,7
2260,2157,7
2260,2158,16
2260,2163,8
2260,2176,10
2260,2178,7
2260,2183,7
2260,2184,12
2260,2185,6
2260,2186,6
2260,2187,13
2260,2188,11
2260,2190,12
2260,2192,10
2260,2198,7
2260,2209,10
2260,2212,8
2260,2228,6
2260,2233,10
2260,2235,39
2260,2236,32
2260,2237,12
2260,2238,17
2260,2239,8
2260,2241,6
2260,2242,7
2260,2253,7
2260,2255,8
2260,2259,24
2260,2262,12
2260,2263,7
2260,2273,36
2260,2274,7
2260,2276,6
2260,2283,12
2260,2288,19
2260,2319,8
2260,2334,6
2260,2338,16
2260,2729,21
2260,2821,11
2260,2857,11
2260,2905,16
2260,2910,17
2261,2175,6
2261,2176,7
2261,2188,7
2261,2212,7
2261,2235,16
2261,2236,8
2261,2237,6
2261,2241,8
2261,2260,10
2261,2905,10
2261,2910,9
2262,2187,9
2262,2219,7
2262,2235,12
2262,2260,12
2262,2334,6
2262,2338,7
2263,1983,7
2263,2010,14
2263,2235,10
2263,2283,6
2263,2729,14
2264,2328,8
2266,2209,6
2271,1991,6
2271,2235,6
2271,2236,6
2271,2238,6
2271,2691,6
2271,2905,6
2272,1929,6
2273,1975,9
2273,1983,8
2273,2010,7
2273,2175,6
2273,2184,11
2273,2185,7
2273,2190,11
2273,2212,11
2273,2218,6
2273,2235,10
2273,2236,14
2273,2238,6
2273,2239,10
2273,2254,6
2273,2260,40
2273,2261,7
2273,2729,7
2273,2905,6
2274,2190,6
2274,2242,9
2274,2251,8
2274,2260,7
2274,2277,7
2276,2235,9
2277,2274,6
2277,2278,7
2278,2212,9
2278,2235,7
2278,2274,6
2278,2288,6
2280,2312,7
2280,3444,7
2282,2279,6
2282,2905,6
2283,1983,12
2283,2184,6
2283,2190,6
2283,2212,9
2283,2235,16
2283,2236,14
2283,2237,11
2283,2238,12
2283,2239,10
2283,2260,11
2283,2278,6
2283,2286,8
2283,2288,20
2283,2338,11
2283,2821,6
2283,2823,6
2283,2857,6
2283,2859,6
2283,2905,11
2283,2910,12
2283,3421,8
2283,3433,9
2283,3551,9
2285,2286,10
2285,3420,28
2285,3421,10
2286,1983,9
2286,2010,7
2286,2185,6
2286,2186,9
2286,2187,6
2286,2190,6
2286,2192,10
2286,2233,7
2286,2235,14
2286,2236,6
2286,2283,11
2286,2285,7
2286,2287,6
2286,2288,13
2286,2729,7
2286,2905,10
2286,3420,7
2286,3421,237
2287,1967,7
2287,2288,6
2287,2905,6
2287,3554,6
2288,1966,6
2288,1983,6
2288,2010,8
2288,2184,7
2288,2188,6
2288,2193,7
2288,2235,19
2288,2236,15
2288,2237,6
2288,2238,9
2288,2239,7
2288,2242,7
2288,2251,8
2288,2255,7
2288,2260,12
2288,2277,6
2288,2283,26
2288,2286,9
2288,2287,8
2288,2338,6
2288,2729,8
2288,2905,12
2288,2910,7
2288,3421,9
2288,3436,6
2288,3554,13
2288,3649,6
2288,3834,6
2292,2188,6
2292,2235,9
2292,2239,6
2292,2274,6
2292,2905,7
2292,2910,6
2296,1983,9
2296,2010,8
2296,2156,7
2296,2157,6
2296,2158,14
2296,2159,9
2296,2187,6
2296,2188,9
2296,2190,6
2296,2192,6
2296,2202,6
2296,2209,6
2296,2212,14
2296,2233,10
2296,2235,15
2296,2236,11
2296,2237,6
2296,2238,21
2296,2239,22
2296,2242,11
2296,2243,6
2296,2250,10
2296,2729,8
2296,2905,14
2296,2910,16
2297,2158,9
2297,2187,7
2297,2212,8
2297,2235,11
2297,2236,14
2297,2237,9
2297,2238,7
2297,2242,8
2297,2296,9
2297,2300,6
2297,2905,7
2298,2235,8
2298,2236,6
2298,2242,11
2299,2158,6
2299,2235,6
2299,2237,6
2299,2238,9
2299,2242,6
2300,1983,6
2300,2010,10
2300,2158,7
2300,2188,14
2300,2212,7
2300,2235,9
2300,2236,10
2300,2238,6
2300,2242,8
2300,2250,7
2300,2729,10
2300,2905,16
2300,2910,21
2304,1983,6
2304,2160,6
2305,2235,6
2305,2236,10
2305,3423,65
2305,3436,7
2305,3649,7
2305,3834,7
2308,3824,7
2308,3827,63
2309,1651,7
2309,3828,6
2310,3440,7
2311,3443,8
2312,2315,8
2312,3444,125
2312,3447,8
2312,3835,8
2315,2312,7
2315,3444,7
2315,3447,37
2315,3835,37
2316,3651,17
2316,3836,17
2317,3837,10
2319,1977,10
2319,1983,9
2319,2010,6
2319,2158,6
2319,2184,9
2319,2187,6
2319,2235,13
2319,2236,29
2319,2238,11
2319,2239,6
2319,2241,7
2319,2255,7
2319,2260,7
2319,2283,6
2319,2338,57
2319,2367,12
2319,2370,7
2319,2729,6
2319,2821,7
2319,2857,7
2319,2905,17
2319,2910,6
2319,3511,6
2319,3527,6
2319,3571,7
2327,2328,7
2328,2176,6
2328,2187,13
2328,2188,23
2328,2235,8
2328,2236,6
2328,2264,10
2328,2327,8
2328,2329,14
2328,2368,7
2328,3531,6
2328,3562,10
2329,2328,17
2329,2367,7
2331,2158,8
2331,2338,8
2332,2221,7
2332,2338,7
2334,2260,6
2334,2262,7
2338,45,6
2338,1966,7
2338,1980,6
2338,1983,8
2338,2010,11
2338,2156,11
2338,2163,7
2338,2175,7
2338,2176,6
2338,2178,8
2338,2184,11
2338,2185,9
2338,2187,6
2338,2188,15
2338,2212,6
2338,2235,22
2338,2236,19
2338,2237,7
2338,2238,12
2338,2240,6
2338,2242,9
2338,2255,6
2338,2260,13
2338,2262,9
2338,2283,7
2338,2288,8
2338,2319,37
2338,2331,6
2338,2332,6
2338,2334,6
2338,2367,12
2338,2702,10
2338,2729,11
2338,2821,17
2338,2822,6
2338,2857,17
2338,2858,6
2338,2905,12
2338,2910,7
2338,3511,6
2338,3527,6
2338,3537,6
2338,3559,12
2338,3571,7
2338,3824,9
2354,3703,27
2367,2010,6
2367,2221,6
2367,2224,6
2367,2236,12
2367,2338,12
2367,2364,6
2367,2369,14
2367,2371,8
2367,2377,7
2367,2379,12
2367,2729,6
2368,2328,12
2369,2221,8
2369,2235,6
2369,2367,11
2370,2373,6
2371,2212,8
2371,2367,7
2372,2377,6
2372,2379,7
2373,2235,12
2374,2233,13
2374,2245,7
2375,2384,6
2377,2189,7
2377,2367,6
2377,2372,6
2378,2235,7
2379,2221,6
2379,2338,7
2379,2367,10
2379,2372,8
2381,1658,10
2381,2523,10
2384,2375,9
2386,2387,8
2387,1658,6
2387,2523,6
2392,2395,15
2395,2235,11
2395,2238,6
2395,2392,12
2408,3725,7
2421,2497,9
2424,2586,13
2425,2587,53
2427,2589,6
2431,2624,24
2431,2652,24
2433,2657,9
2493,2578,6
2493,2671,6
2496,2498,8
2497,2235,10
2497,2236,9
2497,2238,7
2497,2421,7
2497,2425,8
2497,2587,8
2498,2188,6
2498,2497,9
2515,1621,13
2518,1625,75
2518,2823,11
2518,2859,11
2519,1621,9
2519,1631,268
2519,2238,8
2519,2515,9
2519,2905,6
2523,1654,6
2523,1658,178
2523,2185,7
2523,2381,13
2523,2387,7
2524,1659,13
2574,2670,6
2574,3756,6
2578,2671,37
2585,2618,42
2586,2424,13
2587,2425,53
2589,2427,6
2590,2619,13
2618,2585,42
2619,2590,13
2624,2431,24
2624,2652,24
2635,2338,11
2635,2654,91
2637,2677,6
2639,2665,6
2645,2684,9
2652,2431,24
2652,2624,24
2654,2338,11
2654,2635,91
2657,2433,9
2662,3750,15
2665,2679,6
2670,2574,6
2670,3756,6
2671,2578,37
2677,2637,6
2682,2665,6
2684,2645,9
2686,983,6
2686,1975,8
2686,1986,71
2686,2235,7
2686,2702,8
2687,1974,6
2687,1988,28
2687,2010,7
2687,2729,7
2688,1989,29
2688,2735,6
2688,2769,6
2690,1990,163
2690,1991,7
2690,2233,15
2690,2691,7
2691,1965,9
2691,1991,124
2691,2235,6
2692,1997,37
2692,2005,15
2692,2699,7
2692,2700,15
2696,2003,9
2697,2004,6
2699,2005,57
2699,2010,7
2699,2184,6
2699,2235,16
2699,2238,10
2699,2700,57
2699,2702,6
2699,2729,7
2699,2905,10
2699,2910,14
2700,1956,7
2700,1983,9
2700,1997,15
2700,2005,688
2700,2010,10
2700,2158,10
2700,2159,7
2700,2160,8
2700,2175,12
2700,2176,9
2700,2184,9
2700,2188,10
2700,2192,9
2700,2233,10
2700,2235,24
2700,2236,19
2700,2237,10
2700,2238,18
2700,2239,10
2700,2242,11
2700,2692,15
2700,2699,60
2700,2702,8
2700,2703,7
2700,2729,10
2700,2905,25
2700,2910,26
2701,2006,23
2702,1956,6
2702,1983,9
2702,2175,9
2702,2178,7
2702,2188,11
2702,2233,11
2702,2235,11
2702,2236,14
2702,2237,10
2702,2239,6
2702,2255,9
2702,2260,6
2702,2283,6
2702,2338,7
2702,2689,6
2702,2703,17
2702,2706,6
2702,2713,8
2702,2745,10
2702,2821,12
2702,2857,12
2702,2905,13
2702,2910,8
2703,2005,6
2703,2700,6
2703,2702,19
2705,652,8
2705,3436,10
2705,3649,10
2705,3834,10
2706,2189,6
2706,2235,6
2706,2236,10
2706,2238,11
2706,2239,6
2706,2702,7
2706,2703,6
2706,2821,10
2706,2857,10
2706,2905,8
2706,2910,12
2708,2007,34
2711,2714,6
2713,445,6
2713,447,6
2713,641,6
2713,2702,9
2713,2751,8
2713,2811,9
2714,2158,7
2714,2711,7
2714,2716,6
2716,2158,7
2716,2714,6
2725,2229,6
2727,1977,7
2727,1983,6
2727,2008,76
2727,2009,10
2727,2010,7
2727,2236,7
2727,2728,10
2727,2729,7
2728,1983,24
2728,2008,12
2728,2009,287
2728,2010,17
2728,2178,10
2728,2186,7
2728,2235,6
2728,2727,12
2728,2729,17
2729,1923,6
2729,1955,6
2729,1956,12
2729,1959,9
2729,1962,9
2729,1965,9
2729,1966,21
2729,1967,17
2729,1972,11
2729,1974,7
2729,1976,6
2729,1977,23
2729,1980,6
2729,1983,35
2729,1984,13
2729,1985,11
2729,2005,14
2729,2008,6
2729,2009,18
2729,2010,1687
2729,2011,33
2729,2156,23
2729,2157,8
2729,2158,36
2729,2159,15
2729,2161,7
2729,2163,16
2729,2171,9
2729,2172,9
2729,2175,21
2729,2176,13
2729,2177,7
2729,2178,10
2729,2181,24
2729,2182,6
2729,2184,31
2729,2185,9
2729,2186,8
2729,2187,24
2729,2188,36
2729,2189,11
2729,2190,13
2729,2192,17
2729,2193,20
2729,2196,6
2729,2202,21
2729,2209,15
2729,2210,8
2729,2212,42
2729,2214,6
2729,2221,10
2729,2224,7
2729,2228,8
2729,2229,11
2729,2232,8
2729,2233,22
2729,2234,7
2729,2235,83
2729,2236,57
2729,2237,27
2729,2238,60
2729,2239,37
2729,2240,18
2729,2241,10
2729,2242,26
2729,2243,11
2729,2244,10
2729,2245,8
2729,2247,7
2729,2250,14
2729,2255,10
2729,2260,20
2729,2263,15
2729,2273,6
2729,2286,10
2729,2288,7
2729,2296,11
2729,2298,6
2729,2300,6
2729,2319,12
2729,2338,7
2729,2699,8
2729,2700,14
2729,2702,8
2729,2727,6
2729,2728,18
2729,2730,33
2729,2821,13
2729,2823,9
2729,2857,13
2729,2859,9
2729,2905,50
2729,2910,65
2729,3214,10
2729,3363,10
2729,3421,10
2730,1625,7
2730,1959,7
2730,1975,6
2730,1977,7
2730,1983,10
2730,2010,27
2730,2011,213
2730,2013,7
2730,2158,8
2730,2163,22
2730,2184,6
2730,2190,6
2730,2192,6
2730,2193,10
2730,2232,6
2730,2235,16
2730,2236,11
2730,2237,6
2730,2238,7
2730,2242,6
2730,2254,7
2730,2518,7
2730,2729,27
2730,2731,7
2730,2905,6
2730,2910,9
2731,2008,6
2731,2013,43
2731,2727,6
2732,2014,46
2733,2015,52
2734,2010,6
2734,2016,83
2734,2236,6
2734,2238,7
2734,2239,6
2734,2729,6
2734,2768,83
2734,3647,6
2735,2769,27
2736,2740,10
2736,2770,43
2736,2778,10
2736,2803,10
2737,2771,20
2738,2776,8
2739,2777,53
2740,2014,6
2740,2732,6
2740,2778,55
2740,2803,55
2740,2825,7
2740,2861,7
2740,3055,7
2743,2780,27
2745,1983,9
2745,2702,8
2746,2747,12
2746,2804,12
2746,2821,7
2746,2857,7
2747,2235,6
2747,2746,15
2747,2804,110
2747,2821,7
2747,2857,7
2751,2713,8
2751,2811,10
2757,2814,43
2759,2953,10
2768,2010,6
2768,2016,83
2768,2236,6
2768,2238,7
2768,2239,6
2768,2729,6
2768,2734,83
2768,3647,6
2769,2735,27
2770,2736,43
2770,2740,10
2770,2778,10
2770,2803,10
2771,2737,20
2774,2787,15
2776,2738,8
2777,2739,53
2778,2014,6
2778,2732,6
2778,2740,55
2778,2803,55
2778,2825,7
2778,2861,7
2778,3055,7
2780,2743,27
2781,2832,81
2781,3189,81
2782,2834,34
2783,2835,25
2784,2836,82
2784,2905,7
2785,2837,26
2785,3191,26
2786,3235,22
2787,2774,16
2788,3236,19
2789,3237,24
2790,2905,6
2790,3192,142
2790,3239,142
2792,3257,12
2798,2017,27
2802,3264,12
2803,2014,6
2803,2732,6
2803,2740,55
2803,2778,55
2803,2825,7
2803,2861,7
2803,3055,7
2804,2235,6
2804,2746,15
2804,2747,110
2804,2821,7
2804,2857,7
2811,2713,10
2811,2735,7
2811,2751,8
2811,2769,7
2814,2757,43
2817,1574,8
2819,2821,6
2819,2857,6
2821,45,7
2821,1956,11
2821,1966,6
2821,1967,7
2821,1977,10
2821,1978,6
2821,1980,6
2821,1983,9
2821,2010,11
2821,2158,9
2821,2175,6
2821,2188,8
2821,2235,20
2821,2236,29
2821,2238,7
2821,2239,8
2821,2255,7
2821,2319,10
2821,2338,14
2821,2702,17
2821,2706,9
2821,2729,11
2821,2747,12
2821,2790,8
2821,2804,12
2821,2811,9
2821,2818,6
2821,2822,25
2821,2823,24
2821,2829,9
2821,2857,303
2821,2858,25
2821,2859,24
2821,2905,19
2821,2910,9
2821,3192,8
2821,3215,7
2821,3239,8
2821,3364,7
2822,2185,6
2822,2236,7
2822,2821,24
2822,2823,28
2822,2857,24
2822,2858,120
2822,2859,28
2823,1625,6
2823,1900,13
2823,1967,10
2823,1977,6
2823,1983,6
2823,2010,10
2823,2011,7
2823,2175,8
2823,2185,6
2823,2190,10
2823,2235,11
2823,2236,11
2823,2238,6
2823,2338,6
2823,2518,6
2823,2729,10
2823,2730,7
2823,2821,23
2823,2822,25
2823,2826,9
2823,2827,9
2823,2828,7
2823,2857,23
2823,2858,25
2823,2859,321
2823,2905,13
2823,2910,9
2825,689,6
2825,2861,141
2825,2904,26
2825,3055,141
2826,2823,10
2826,2859,10
2827,1967,7
2827,2823,6
2827,2859,6
2829,2821,8
2829,2857,8
2831,3187,10
2832,2781,81
2832,3189,81
2833,3190,17
2834,2782,34
2835,2783,25
2836,2784,82
2836,2905,7
2837,2785,26
2837,3191,26
2838,3224,21
2843,3227,6
2857,45,7
2857,1956,11
2857,1966,6
2857,1967,7
2857,1977,10
2857,1978,6
2857,1980,6
2857,1983,9
2857,2010,11
2857,2158,9
2857,2175,6
2857,2188,8
2857,2235,20
2857,2236,29
2857,2238,7
2857,2239,8
2857,2255,7
2857,2319,10
2857,2338,14
2857,2702,17
2857,2706,9
2857,2729,11
2857,2747,12
2857,2790,8
2857,2804,12
2857,2811,9
2857,2818,6
2857,2821,303
2857,2822,25
2857,2823,24
2857,2829,9
2857,2858,25
2857,2859,24
2857,2905,19
2857,2910,9
2857,3192,8
2857,3215,7
2857,3239,8
2857,3364,7
2858,2185,6
2858,2236,7
2858,2821,24
2858,2822,120
2858,2823,28
2858,2857,24
2858,2859,28
2859,1625,6
2859,1900,13
2859,1967,10
2859,1977,6
2859,1983,6
2859,2010,10
2859,2011,7
2859,2175,8
2859,2185,6
2859,2190,10
2859,2235,11
2859,2236,11
2859,2238,6
2859,2338,6
2859,2518,6
2859,2729,10
2859,2730,7
2859,2821,23
2859,2822,25
2859,2823,321
2859,2826,9
2859,2827,9
2859,2828,7
2859,2857,23
2859,2858,25
2859,2905,13
2859,2910,9
2861,689,6
2861,2825,141
2861,2904,26
2861,3055,141
2866,3121,7
2898,2910,6
2904,2825,23
2904,2861,23
2904,2905,18
2904,2910,19
2904,3055,23
2905,714,13
2905,715,34
2905,1635,7
2905,1658,8
2905,1923,7
2905,1925,8
2905,1929,7
2905,1956,9
2905,1959,9
2905,1964,12
2905,1965,7
2905,1967,18
2905,1972,10
2905,1975,10
2905,1977,17
2905,1980,32
2905,1983,48
2905,1984,6
2905,2005,21
2905,2010,68
2905,2011,6
2905,2156,13
2905,2157,7
2905,2158,39
2905,2159,8
2905,2160,13
2905,2161,13
2905,2162,8
2905,2163,6
2905,2165,6
2905,2166,9
2905,2169,7
2905,2171,7
2905,2172,6
2905,2175,25
2905,2176,9
2905,2178,10
2905,2180,8
2905,2181,10
2905,2182,7
2905,2183,17
2905,2184,34
2905,2185,18
2905,2186,10
2905,2187,26
2905,2188,47
2905,2189,20
2905,2190,30
2905,2191,13
2905,2192,32
2905,2193,23
2905,2194,6
2905,2196,14
2905,2202,20
2905,2209,21
2905,2212,37
2905,2219,6
2905,2224,9
2905,2227,8
2905,2228,19
2905,2229,9
2905,2232,7
2905,2233,36
2905,2235,79
2905,2236,82
2905,2237,33
2905,2238,76
2905,2239,38
2905,2240,21
2905,2241,18
2905,2242,48
2905,2243,10
2905,2245,8
2905,2247,11
2905,2249,11
2905,2250,13
2905,2255,18
2905,2259,10
2905,2260,18
2905,2271,8
2905,2273,8
2905,2274,6
2905,2283,12
2905,2286,8
2905,2288,15
2905,2296,8
2905,2297,9
2905,2299,6
2905,2300,13
2905,2319,15
2905,2338,13
2905,2369,6
2905,2523,8
2905,2699,9
2905,2700,21
2905,2702,11
2905,2706,6
2905,2713,6
2905,2729,68
2905,2730,6
2905,2784,7
2905,2811,8
2905,2821,21
2905,2823,11
2905,2836,7
2905,2857,21
2905,2859,11
2905,2904,13
2905,2907,13
2905,2908,34
2905,2910,144
2905,2916,9
2905,2917,23
2905,2918,8
2905,3173,13
2905,3174,34
2905,3194,6
2905,3241,6
2905,3421,8
2905,3559,6
2907,714,29
2907,715,9
2907,2196,7
2907,2905,9
2907,2908,9
2907,3173,29
2907,3174,9
2908,714,10
2908,715,200
2908,1977,6
2908,2236,6
2908,2238,7
2908,2286,6
2908,2905,22
2908,2907,10
2908,2910,12
2908,3173,10
2908,3174,200
2908,3421,6
2910,715,12
2910,1635,6
2910,1922,6
2910,1948,6
2910,1966,7
2910,1967,11
2910,1977,10
2910,1980,21
2910,1982,7
2910,1983,51
2910,2005,32
2910,2010,65
2910,2156,19
2910,2157,9
2910,2158,44
2910,2159,13
2910,2160,8
2910,2161,9
2910,2162,6
2910,2163,11
2910,2167,6
2910,2169,6
2910,2171,8
2910,2175,24
2910,2176,12
2910,2177,8
2910,2181,8
2910,2183,8
2910,2184,26
2910,2185,26
2910,2186,11
2910,2187,24
2910,2188,45
2910,2189,6
2910,2190,20
2910,2191,14
2910,2192,23
2910,2193,11
2910,2202,17
2910,2209,14
2910,2212,63
2910,2228,11
2910,2229,8
2910,2233,35
2910,2234,9
2910,2235,78
2910,2236,83
2910,2237,17
2910,2238,88
2910,2239,37
2910,2240,15
2910,2241,19
2910,2242,32
2910,2243,7
2910,2244,9
2910,2245,6
2910,2247,7
2910,2249,8
2910,2250,26
2910,2251,8
2910,2254,6
2910,2255,11
2910,2256,6
2910,2258,8
2910,2259,7
2910,2260,17
2910,2273,9
2910,2283,14
2910,2296,13
2910,2297,7
2910,2300,19
2910,2304,8
2910,2305,8
2910,2319,13
2910,2338,14
2910,2699,16
2910,2700,32
2910,2702,9
2910,2729,65
2910,2821,11
2910,2857,11
2910,2898,9
2910,2904,14
2910,2905,142
2910,2908,12
2910,2916,16
2910,2917,24
2910,3174,12
2910,3423,8
2911,2905,6
2911,2910,12
2914,2062,42
2914,2993,42
2914,3176,83
2916,1983,13
2916,2236,6
2916,2905,11
2916,2910,19
2917,1983,6
2917,2010,7
2917,2188,8
2917,2212,9
2917,2235,17
2917,2236,14
2917,2238,8
2917,2729,7
2917,2905,26
2917,2910,15
2918,2237,6
2918,2238,7
2918,2905,6
2918,2910,10
2931,3180,8
2947,2958,6
2953,2759,10
2958,2947,6
2993,2062,47
2993,2914,46
2993,3176,46
2994,2063,33
3055,689,6
3055,2825,141
3055,2861,141
3055,2904,26
3057,564,10
3057,791,10
3057,3392,10
3081,3196,38
3082,3197,6
3088,3202,9
3089,3405,9
3090,3406,6
3121,2866,7
3137,614,17
3161,575,14
3161,625,14
3173,714,29
3173,715,9
3173,2196,7
3173,2905,9
3173,2907,29
3173,2908,9
3173,3174,9
3174,714,10
3174,715,200
3174,1977,6
3174,2236,6
3174,2238,7
3174,2286,6
3174,2905,22
3174,2907,10
3174,2908,200
3174,2910,12
3174,3173,10
3174,3421,6
3176,2062,42
3176,2914,83
3176,2993,42
3180,2931,8
3187,2831,10
3189,2781,81
3189,2832,81
3190,2833,17
3191,2785,26
3191,2837,26
3192,2790,142
3192,2905,6
3192,3239,142
3193,2165,11
3193,2235,7
3193,2239,7
3193,3240,145
3194,1813,8
3194,1960,21
3194,2235,6
3194,2905,6
3194,3241,137
3194,3249,6
3194,3343,8
3196,3081,38
3197,3082,6
3202,3088,9
3210,3417,19
3211,2823,7
3211,2859,7
3214,1956,6
3214,2010,12
3214,2729,12
3214,3363,37
3215,3364,41
3216,3284,13
3216,3365,13
3219,3286,25
3219,3366,25
3220,3287,21
3224,2838,21
3227,2843,6
3235,2786,22
3236,2788,19
3237,2789,24
3238,3323,6
3239,2790,142
3239,2905,6
3239,3192,142
3240,2165,11
3240,2235,7
3240,2239,7
3240,3193,145
3241,1813,8
3241,1960,21
3241,2235,6
3241,2905,6
3241,3194,137
3241,3249,6
3241,3343,8
3249,3194,6
3249,3241,6
3252,1971,14
3257,2792,12
3264,2802,12
3282,3320,23
3284,3216,13
3284,3365,13
3286,3219,25
3286,3366,25
3287,3220,21
3320,3282,23
3323,3238,6
3343,1813,29
3343,3194,7
3343,3241,7
3360,2198,6
3360,3215,6
3360,3364,6
3363,1956,6
3363,2010,12
3363,2729,12
3363,3214,37
3364,3215,41
3365,3216,13
3365,3284,13
3366,3219,25
3366,3286,25
3392,564,10
3392,791,10
3392,3057,10
3405,3089,9
3406,3090,6
3417,3210,19
3420,2285,28
3420,2286,10
3420,3421,10
3421,1983,9
3421,2010,7
3421,2185,6
3421,2186,9
3421,2187,6
3421,2190,6
3421,2192,10
3421,2233,7
3421,2235,14
3421,2236,6
3421,2283,11
3421,2285,7
3421,2286,237
3421,2287,6
3421,2288,13
3421,2729,7
3421,2905,10
3421,3420,7
3423,2235,6
3423,2236,10
3423,2305,65
3423,3436,7
3423,3649,7
3423,3834,7
3430,3433,11
3430,3550,8
3430,3551,11
3433,3430,10
3433,3437,16
3433,3550,10
3433,3551,129
3433,3650,16
3434,3535,12
3434,3552,23
3435,3553,69
3436,2305,7
3436,2705,12
3436,3423,7
3436,3649,131
3436,3834,131
3437,3433,11
3437,3436,10
3437,3551,11
3437,3649,10
3437,3650,32
3437,3834,10
3440,2310,7
3443,2311,8
3444,2312,125
3444,2315,8
3444,3447,8
3444,3835,8
3447,2312,7
3447,2315,37
3447,3444,7
3447,3835,37
3469,3511,6
3469,3527,6
3511,2319,6
3511,3514,8
3511,3527,299
3511,3571,8
3514,3511,6
3514,3527,6
3527,2319,6
3527,3511,299
3527,3514,8
3527,3571,8
3531,2328,7
3535,2235,9
3535,2236,7
3535,3434,12
3535,3531,7
3535,3536,11
3535,3537,14
3535,3538,15
3535,3539,6
3535,3552,12
3535,3562,7
3535,3591,10
3535,3620,6
3536,3531,7
3536,3535,10
3536,3537,16
3536,3538,6
3536,3562,6
3536,3591,9
3537,1983,7
3537,2229,11
3537,2235,8
3537,2237,6
3537,2905,6
3537,2910,6
3537,3535,15
3537,3536,6
3537,3538,10
3537,3559,6
3537,3562,8
3538,3535,8
3538,3536,6
3538,3537,12
3538,3559,9
3538,3562,8
3539,3561,16
3544,2229,11
3550,3430,8
3550,3433,11
3550,3551,11
3551,3430,10
3551,3433,129
3551,3437,16
3551,3550,10
3551,3650,16
3552,3434,23
3552,3535,12
3553,3435,69
3554,2288,14
3554,3559,6
3559,2235,9
3559,2242,6
3559,2338,10
3559,2789,6
3559,2905,7
3559,3237,6
3559,3535,6
3559,3554,6
3559,3555,7
3559,3562,8
3561,2229,7
3561,3537,11
3561,3539,11
3562,2328,6
3562,3535,9
3562,3537,9
3562,3559,9
3562,3591,31
3570,3642,9
3570,3829,9
3571,2235,6
3571,2260,8
3571,2319,8
3571,2338,9
3571,2905,8
3571,3511,8
3571,3527,8
3591,3535,12
3591,3562,31
3639,3819,43
3639,3823,6
3640,3820,50
3642,3570,12
3642,3824,22
3642,3825,7
3642,3826,13
3642,3829,102
3643,3830,8
3644,3831,11
3645,1999,7
3645,3832,22
3647,2016,7
3647,2734,7
3647,2768,7
3648,3833,12
3649,2305,7
3649,2705,12
3649,3423,7
3649,3436,131
3649,3834,131
3650,3433,11
3650,3436,10
3650,3437,32
3650,3551,11
3650,3649,10
3650,3834,10
3651,2316,17
3651,3836,17
3703,2354,27
3725,2408,7
3750,2662,15
3756,2574,6
3756,2670,6
3759,2665,6
3819,3639,43
3819,3823,6
3820,3640,50
3823,3639,7
3823,3819,7
3824,2308,6
3824,2332,6
3824,2338,10
3824,3642,18
3824,3826,7
3824,3827,6
3824,3829,18
3825,3642,6
3825,3829,6
3826,3642,22
3826,3829,22
3827,2308,63
3827,3824,7
3828,1651,7
3828,2309,6
3829,3570,12
3829,3642,102
3829,3824,22
3829,3825,7
3829,3826,13
3830,3643,8
3831,3644,11
3832,1999,7
3832,3645,22
3833,3648,12
3834,2305,7
3834,2705,12
3834,3423,7
3834,3436,131
3834,3649,131
3835,2312,7
3835,2315,37
3835,3444,7
3835,3447,37
3836,2316,17
3836,3651,17
3837,2317,10
